{
  "name": "deadlands_classic",
  "title": "Deadlands Classic",
  "description": "An implementation of a classic wild west roleplay system.",
  "version": "0.5.4",
  "minimumCoreVersion": "0.8.0",
  "compatibleCoreVersion": "9",
  "templateVersion": 1,
  "author": "Rhombus Weasel",
  "esmodules": ["module/deadlands.js"],
  "scripts":  ["module/socket.js", "module/lib/utils.js", "module/sheets/poker.js", "https://cdn.jsdelivr.net/npm/round-slider@1.6.1/dist/roundslider.min.js"],
  "styles": ["styles/player-sheet.css", "styles/doc.css"],
  "socket": true,
  "packs": [],
  "languages": [
    {
      "lang": "en",
      "name": "English",
      "path": "lang/en.json"
    }
  ],
  "gridDistance": 1.666667,
  "gridUnits": "yd",
  "primaryTokenAttribute": "wind",
  "secondaryTokenAttribute": "rounds",
  "url": "https://github.com/RhombusWeasel/Deadlands-Classic",
  "manifest": "https://raw.githubusercontent.com/RhombusWeasel/Deadlands-Classic/main/system.json",
  "download": "https://github.com/RhombusWeasel/Deadlands-Classic/releases/download/0.5.4/deadlands_classic.zip",
  "license": "LICENSE.txt"
}